{
  "flutter": {
    "platforms": {
      "android": {
        "default": {
          "projectId": "obour-cb22d",
          "appId": "1:901922839812:android:a43cfbb5216e131098c451",
          "fileOutput": "android/app/google-services.json"
        }
      },
      "dart": {
        "lib/firebase_options.dart": {
          "projectId": "obour-cb22d",
          "configurations": {
            "android": "1:901922839812:android:a43cfbb5216e131098c451",
            "ios": "1:901922839812:ios:b02eaa126ce893c898c451",
            "macos": "1:901922839812:ios:b02eaa126ce893c898c451",
            "web": "1:901922839812:web:a4f519bb314fee6d98c451",
            "windows": "1:901922839812:web:9a2441cecc24a6a398c451"
          }
        }
      }
    }
  },
  "emulators": {
    "singleProjectMode": true,
    "hosting": {
      "port": 9099
    },
    "ui": {
      "enabled": true,
      "port": 9099
    }
  },
  "hosting": {
    "public": "build/web",
    "ignore": [
      "firebase.json",
      "**/.*",
      "**/node_modules/**"
    ],
    "rewrites": [
      {
        "source": "**",
        "destination": "/index.html"
      }
    ]
  }
}
