{
  "project_info": {
    "project_number": "901922839812",
    "firebase_url": "https://obour-cb22d-default-rtdb.asia-southeast1.firebasedatabase.app",
    "project_id": "obour-cb22d",
    "storage_bucket": "obour-cb22d.firebasestorage.app"
  },
  "client": [
    {
      "client_info": {
        "mobilesdk_app_id": "1:901922839812:android:a43cfbb5216e131098c451",
        "android_client_info": {
          "package_name": "com.example.obour_1"
        }
      },
      "oauth_client": [],
      "api_key": [
        {
          "current_key": "AIzaSyCX6KdTn4EUD4oLYh_tTCwhz0AXJxI1azA"
        }
      ],
      "services": {
        "appinvite_service": {
          "other_platform_oauth_client": []
        }
      }
    }
  ],
  "configuration_version": "1"
}